Workbook

Sheet merchants
A1: merchant_id | B1: merchant_name | C1: category | D1: region
A2: 1 | B2: Merchant_001 | C2: ecommerce | D2: South
A3: 2 | B3: Merchant_002 | C3: grocery | D3: West
A4: 3 | B4: Merchant_003 | C4: grocery | D4: East
A5: 4 | B5: Merchant_004 | C5: ecommerce | D5: East
A6: 5 | B6: Merchant_005 | C6: recharge | D6: South
A7: 6 | B7: Merchant_006 | C7: food_delivery | D7: South
A8: 7 | B8: Merchant_007 | C8: food_delivery | D8: East
A9: 8 | B9: Merchant_008 | C9: food_delivery | D9: North
A10: 9 | B10: Merchant_009 | C10: ecommerce | D10: North
A11: 10 | B11: Merchant_010 | C11: grocery | D11: West
A12: 11 | B12: Merchant_011 | C12: ecommerce | D12: North
... A41: 40 | B41: Merchant_040 | C41: entertainment | D41: South

Sheet ledger
A1: transaction_id | B1: user_id | C1: merchant_id | D1: transaction_time | E1: amount_inr | F1: payment_method | G1: status | H1: risk_score
A2: TXN100000 | B2: 350 | C2: 16 | D2: 2026-01-29 11:13:00 | E2: 2999 | F2: Wallet | G2: captured | H2: 85
A3: TXN100001 | B3: 287 | C3: 27 | D3: 2026-01-04 11:49:00 | E3: 49 | F3: UPI | G3: captured | H3: 79
A4: TXN100002 | B4: 122 | C4: 11 | D4: 2026-01-24 04:59:00 | E4: 1499 | F4: Wallet | G4: captured | H4: 22
A5: TXN100003 | B5: 92 | C5: 22 | D5: 2026-01-29 13:01:00 | E5: 49 | F5: Netbanking | G5: captured | H5: 100
A6: TXN100004 | B6: 343 | C6: 16 | D6: 2026-01-30 13:51:00 | E6: 99 | F6: UPI | G6: captured | H6: 34
A7: TXN100005 | B7: 196 | C7: 3 | D7: 2026-01-06 22:06:00 | E7: 99 | F7: UPI | G7: captured | H7: 60
A8: TXN100006 | B8: 236 | C8: 23 | D8: 2026-01-08 06:52:00 | E8: 99 | F8: Wallet | G8: captured | H8: 39
A9: TXN100007 | B9: 13 | C9: 13 | D9: 2026-01-27 07:14:00 | E9: 99 | F9: UPI | G9: captured | H9: 51
A10: TXN100008 | B10: 36 | C10: 18 | D10: 2026-01-11 08:55:00 | E10: 799 | F10: UPI | G10: captured | H10: 44
A11: TXN100009 | B11: 348 | C11: 35 | D11: 2026-01-21 16:25:00 | E11: 299 | F11: UPI | G11: captured | H11: 42
A12: TXN100010 | B12: 134 | C12: 12 | D12: 2026-01-01 03:56:00 | E12: 49 | F12: UPI | G12: captured | H12: 74
... A548: TXN300031 | B548: 345 | C548: 12 | D548: 2026-01-23 09:03:00 | E548: 399 | F548: Card | G548: captured | H548: 69

Sheet transactions_view
A1: transaction_id | B1: user_id | C1: merchant_id | D1: transaction_time | E1: amount_inr | F1: payment_method | G1: status | H1: risk_score | I1: merchant_name | J1: category | K1: region | L1: txn_date | M1: daily_total | N1: classification | O1: fee_pct
A2: TXN100000 | B2: 350 | C2: 16 | D2: 2026-01-29 11:13:00 | E2: 2999 | F2: Wallet | G2: captured | H2: 85 | I2: =_xlfn.IFNA(VLOOKUP(C2,merchants!$A$2:$D$41,2,FALSE),"Merchant not found") -> Merchant_016 | J2: =_xlfn.IFNA(VLOOKUP(C2,merchants!$A$2:$D$41,3,FALSE),"Merchant not found") -> bill_payment | K2: =_xlfn.IFNA(VLOOKUP(C2,merchants!$A$2:$D$41,4,FALSE),"Merchant not found") -> West | L2: =DATE(LEFT(D2,4),MID(D2,6,2),MID(D2,9,2)) -> 46051 | M2: =SUMIFS($E:$E,$C:$C,C2,$L:$L,L2) -> 0 | N2: =IF(AND(M2>5000,K2<>"East"),"High-Value Merchant Day","Standard") -> Standard | O2: =HLOOKUP(F2,fee_lookup!$B$1:$E$2,2,FALSE) -> 0.01
A3: TXN100001 | B3: 287 | C3: 27 | D3: 2026-01-04 11:49:00 | E3: 49 | F3: UPI | G3: captured | H3: 79 | I3: =_xlfn.IFNA(VLOOKUP(C3,merchants!$A$2:$D$41,2,FALSE),"Merchant not found") -> Merchant_027 | J3: =_xlfn.IFNA(VLOOKUP(C3,merchants!$A$2:$D$41,3,FALSE),"Merchant not found") -> ecommerce | K3: =_xlfn.IFNA(VLOOKUP(C3,merchants!$A$2:$D$41,4,FALSE),"Merchant not found") -> North | L3: =DATE(LEFT(D3,4),MID(D3,6,2),MID(D3,9,2)) -> 46026 | M3: =SUMIFS($E:$E,$C:$C,C3,$L:$L,L3) -> 0 | N3: =IF(AND(M3>5000,K3<>"East"),"High-Value Merchant Day","Standard") -> Standard | O3: =HLOOKUP(F3,fee_lookup!$B$1:$E$2,2,FALSE) -> 0.002
A4: TXN100002 | B4: 122 | C4: 11 | D4: 2026-01-24 04:59:00 | E4: 1499 | F4: Wallet | G4: captured | H4: 22 | I4: =_xlfn.IFNA(VLOOKUP(C4,merchants!$A$2:$D$41,2,FALSE),"Merchant not found") -> Merchant_011 | J4: =_xlfn.IFNA(VLOOKUP(C4,merchants!$A$2:$D$41,3,FALSE),"Merchant not found") -> ecommerce | K4: =_xlfn.IFNA(VLOOKUP(C4,merchants!$A$2:$D$41,4,FALSE),"Merchant not found") -> North | L4: =DATE(LEFT(D4,4),MID(D4,6,2),MID(D4,9,2)) -> 46046 | M4: =SUMIFS($E:$E,$C:$C,C4,$L:$L,L4) -> 0 | N4: =IF(AND(M4>5000,K4<>"East"),"High-Value Merchant Day","Standard") -> Standard | O4: =HLOOKUP(F4,fee_lookup!$B$1:$E$2,2,FALSE) -> 0.01
A5: TXN100003 | B5: 92 | C5: 22 | D5: 2026-01-29 13:01:00 | E5: 49 | F5: Netbanking | G5: captured | H5: 100 | I5: =_xlfn.IFNA(VLOOKUP(C5,merchants!$A$2:$D$41,2,FALSE),"Merchant not found") -> Merchant_022 | J5: =_xlfn.IFNA(VLOOKUP(C5,merchants!$A$2:$D$41,3,FALSE),"Merchant not found") -> travel | K5: =_xlfn.IFNA(VLOOKUP(C5,merchants!$A$2:$D$41,4,FALSE),"Merchant not found") -> South | L5: =DATE(LEFT(D5,4),MID(D5,6,2),MID(D5,9,2)) -> 46051 | M5: =SUMIFS($E:$E,$C:$C,C5,$L:$L,L5) -> 0 | N5: =IF(AND(M5>5000,K5<>"East"),"High-Value Merchant Day","Standard") -> Standard | O5: =HLOOKUP(F5,fee_lookup!$B$1:$E$2,2,FALSE) -> 0.012
A6: TXN100004 | B6: 343 | C6: 16 | D6: 2026-01-30 13:51:00 | E6: 99 | F6: UPI | G6: captured | H6: 34 | I6: =_xlfn.IFNA(VLOOKUP(C6,merchants!$A$2:$D$41,2,FALSE),"Merchant not found") -> Merchant_016 | J6: =_xlfn.IFNA(VLOOKUP(C6,merchants!$A$2:$D$41,3,FALSE),"Merchant not found") -> bill_payment | K6: =_xlfn.IFNA(VLOOKUP(C6,merchants!$A$2:$D$41,4,FALSE),"Merchant not found") -> West | L6: =DATE(LEFT(D6,4),MID(D6,6,2),MID(D6,9,2)) -> 46052 | M6: =SUMIFS($E:$E,$C:$C,C6,$L:$L,L6) -> 0 | N6: =IF(AND(M6>5000,K6<>"East"),"High-Value Merchant Day","Standard") -> Standard | O6: =HLOOKUP(F6,fee_lookup!$B$1:$E$2,2,FALSE) -> 0.002
A7: TXN100005 | B7: 196 | C7: 3 | D7: 2026-01-06 22:06:00 | E7: 99 | F7: UPI | G7: captured | H7: 60 | I7: =_xlfn.IFNA(VLOOKUP(C7,merchants!$A$2:$D$41,2,FALSE),"Merchant not found") -> Merchant_003 | J7: =_xlfn.IFNA(VLOOKUP(C7,merchants!$A$2:$D$41,3,FALSE),"Merchant not found") -> grocery | K7: =_xlfn.IFNA(VLOOKUP(C7,merchants!$A$2:$D$41,4,FALSE),"Merchant not found") -> East | L7: =DATE(LEFT(D7,4),MID(D7,6,2),MID(D7,9,2)) -> 46028 | M7: =SUMIFS($E:$E,$C:$C,C7,$L:$L,L7) -> 0 | N7: =IF(AND(M7>5000,K7<>"East"),"High-Value Merchant Day","Standard") -> Standard | O7: =HLOOKUP(F7,fee_lookup!$B$1:$E$2,2,FALSE) -> 0.002
A8: TXN100006 | B8: 236 | C8: 23 | D8: 2026-01-08 06:52:00 | E8: 99 | F8: Wallet | G8: captured | H8: 39 | I8: =_xlfn.IFNA(VLOOKUP(C8,merchants!$A$2:$D$41,2,FALSE),"Merchant not found") -> Merchant_023 | J8: =_xlfn.IFNA(VLOOKUP(C8,merchants!$A$2:$D$41,3,FALSE),"Merchant not found") -> travel | K8: =_xlfn.IFNA(VLOOKUP(C8,merchants!$A$2:$D$41,4,FALSE),"Merchant not found") -> North | L8: =DATE(LEFT(D8,4),MID(D8,6,2),MID(D8,9,2)) -> 46030 | M8: =SUMIFS($E:$E,$C:$C,C8,$L:$L,L8) -> 0 | N8: =IF(AND(M8>5000,K8<>"East"),"High-Value Merchant Day","Standard") -> Standard | O8: =HLOOKUP(F8,fee_lookup!$B$1:$E$2,2,FALSE) -> 0.01
A9: TXN100007 | B9: 13 | C9: 13 | D9: 2026-01-27 07:14:00 | E9: 99 | F9: UPI | G9: captured | H9: 51 | I9: =_xlfn.IFNA(VLOOKUP(C9,merchants!$A$2:$D$41,2,FALSE),"Merchant not found") -> Merchant_013 | J9: =_xlfn.IFNA(VLOOKUP(C9,merchants!$A$2:$D$41,3,FALSE),"Merchant not found") -> travel | K9: =_xlfn.IFNA(VLOOKUP(C9,merchants!$A$2:$D$41,4,FALSE),"Merchant not found") -> East | L9: =DATE(LEFT(D9,4),MID(D9,6,2),MID(D9,9,2)) -> 46049 | M9: =SUMIFS($E:$E,$C:$C,C9,$L:$L,L9) -> 0 | N9: =IF(AND(M9>5000,K9<>"East"),"High-Value Merchant Day","Standard") -> Standard | O9: =HLOOKUP(F9,fee_lookup!$B$1:$E$2,2,FALSE) -> 0.002
A10: TXN100008 | B10: 36 | C10: 18 | D10: 2026-01-11 08:55:00 | E10: 799 | F10: UPI | G10: captured | H10: 44 | I10: =_xlfn.IFNA(VLOOKUP(C10,merchants!$A$2:$D$41,2,FALSE),"Merchant not found") -> Merchant_018 | J10: =_xlfn.IFNA(VLOOKUP(C10,merchants!$A$2:$D$41,3,FALSE),"Merchant not found") -> grocery | K10: =_xlfn.IFNA(VLOOKUP(C10,merchants!$A$2:$D$41,4,FALSE),"Merchant not found") -> West | L10: =DATE(LEFT(D10,4),MID(D10,6,2),MID(D10,9,2)) -> 46033 | M10: =SUMIFS($E:$E,$C:$C,C10,$L:$L,L10) -> 0 | N10: =IF(AND(M10>5000,K10<>"East"),"High-Value Merchant Day","Standard") -> Standard | O10: =HLOOKUP(F10,fee_lookup!$B$1:$E$2,2,FALSE) -> 0.002
A11: TXN100009 | B11: 348 | C11: 35 | D11: 2026-01-21 16:25:00 | E11: 299 | F11: UPI | G11: captured | H11: 42 | I11: =_xlfn.IFNA(VLOOKUP(C11,merchants!$A$2:$D$41,2,FALSE),"Merchant not found") -> Merchant_035 | J11: =_xlfn.IFNA(VLOOKUP(C11,merchants!$A$2:$D$41,3,FALSE),"Merchant not found") -> recharge | K11: =_xlfn.IFNA(VLOOKUP(C11,merchants!$A$2:$D$41,4,FALSE),"Merchant not found") -> East | L11: =DATE(LEFT(D11,4),MID(D11,6,2),MID(D11,9,2)) -> 46043 | M11: =SUMIFS($E:$E,$C:$C,C11,$L:$L,L11) -> 0 | N11: =IF(AND(M11>5000,K11<>"East"),"High-Value Merchant Day","Standard") -> Standard | O11: =HLOOKUP(F11,fee_lookup!$B$1:$E$2,2,FALSE) -> 0.002
A12: TXN100010 | B12: 134 | C12: 12 | D12: 2026-01-01 03:56:00 | E12: 49 | F12: UPI | G12: captured | H12: 74 | I12: =_xlfn.IFNA(VLOOKUP(C12,merchants!$A$2:$D$41,2,FALSE),"Merchant not found") -> Merchant_012 | J12: =_xlfn.IFNA(VLOOKUP(C12,merchants!$A$2:$D$41,3,FALSE),"Merchant not found") -> ecommerce | K12: =_xlfn.IFNA(VLOOKUP(C12,merchants!$A$2:$D$41,4,FALSE),"Merchant not found") -> East | L12: =DATE(LEFT(D12,4),MID(D12,6,2),MID(D12,9,2)) -> 46023 | M12: =SUMIFS($E:$E,$C:$C,C12,$L:$L,L12) -> 0 | N12: =IF(AND(M12>5000,K12<>"East"),"High-Value Merchant Day","Standard") -> Standard | O12: =HLOOKUP(F12,fee_lookup!$B$1:$E$2,2,FALSE) -> 0.002
A13: TXN100011 | B13: 306 | C13: 28 | D13: 2026-01-09 01:06:00 | E13: 2999 | F13: Card | G13: failed | H13: 44 | I13: =_xlfn.IFNA(VLOOKUP(C13,merchants!$A$2:$D$41,2,FALSE),"Merchant not found") -> Merchant_028 | J13: =_xlfn.IFNA(VLOOKUP(C13,merchants!$A$2:$D$41,3,FALSE),"Merchant not found") -> ecommerce | K13: =_xlfn.IFNA(VLOOKUP(C13,merchants!$A$2:$D$41,4,FALSE),"Merchant not found") -> South | L13: =DATE(LEFT(D13,4),MID(D13,6,2),MID(D13,9,2)) -> 46031 | M13: =SUMIFS($E:$E,$C:$C,C13,$L:$L,L13) -> 0 | N13: =IF(AND(M13>5000,K13<>"East"),"High-Value Merchant Day","Standard") -> Standard | O13: =HLOOKUP(F13,fee_lookup!$B$1:$E$2,2,FALSE) -> 0.018
... A548: TXN300031 | B548: 345 | C548: 12 | D548: 2026-01-23 09:03:00 | E548: 399 | F548: Card | G548: captured | H548: 69 | I548: =_xlfn.IFNA(VLOOKUP(C548,merchants!$A$2:$D$41,2,FALSE),"Merchant not found") -> Merchant_012 | J548: =_xlfn.IFNA(VLOOKUP(C548,merchants!$A$2:$D$41,3,FALSE),"Merchant not found") -> ecommerce | K548: =_xlfn.IFNA(VLOOKUP(C548,merchants!$A$2:$D$41,4,FALSE),"Merchant not found") -> East | L548: =DATE(LEFT(D548,4),MID(D548,6,2),MID(D548,9,2)) -> 46045 | M548: =SUMIFS($E:$E,$C:$C,C548,$L:$L,L548) -> 0 | N548: =IF(AND(M548>5000,K548<>"East"),"High-Value Merchant Day","Standard") -> Standard | O548: =HLOOKUP(F548,fee_lookup!$B$1:$E$2,2,FALSE) -> 0.018

Sheet fee_lookup
A1: Method | B1: UPI | C1: Wallet | D1: Card | E1: Netbanking
A2: Fee % | B2: 0.002 | C2: 0.01 | D2: 0.018 | E2: 0.012
A4: HLOOKUP demo uses row 1 methods and row 2 fee percentages.

Sheet daily_totals
A1: merchant_id | B1: txn_date | C1: daily_total
A2: 16 | B2: 2026-01-29 | C2: 2999
A3: 27 | B3: 2026-01-04 | C3: 49
A4: 11 | B4: 2026-01-24 | C4: 1798
A5: 22 | B5: 2026-01-29 | C5: 49
A6: 16 | B6: 2026-01-30 | C6: 898
A7: 3 | B7: 2026-01-06 | C7: 898
A8: 23 | B8: 2026-01-08 | C8: 99
A9: 13 | B9: 2026-01-27 | C9: 99
A10: 18 | B10: 2026-01-11 | C10: 799
A11: 35 | B11: 2026-01-21 | C11: 299
A12: 12 | B12: 2026-01-01 | C12: 548
A13: 28 | B13: 2026-01-09 | C13: 2999
... A444: 16 | B444: 2026-01-23 | C444: 399

Sheet pivot_summary
A1: merchant_id | B1: status | C1: total_amount_inr | D1: txn_count
A2: 16 | B2: captured | C2: 10183 | D2: 17
A3: 27 | B3: captured | C3: 8038 | D3: 12
A4: 11 | B4: captured | C4: 9292 | D4: 8
A5: 22 | B5: captured | C5: 11336 | D5: 14
A6: 3 | B6: captured | C6: 8084 | D6: 16
A7: 23 | B7: captured | C7: 1041 | D7: 9
A8: 13 | B8: captured | C8: 10390 | D8: 10
A9: 18 | B9: captured | C9: 7089 | D9: 11
A10: 35 | B10: captured | C10: 8688 | D10: 12
A11: 12 | B11: captured | C11: 9389 | D11: 11
A12: 28 | B12: failed | C12: 3048 | D12: 2
A13: 33 | B13: captured | C13: 10190 | D13: 10
... A92: 39 | B92: failed | C92: 399 | D92: 1

Sheet count_vs_unique
A1: merchant_id | B1: total_txn_count | C1: unique_days
A2: 1 | B2: 9 | C2: 7
A3: 2 | B3: 10 | C3: 9
A4: 3 | B4: 17 | C4: 13
A5: 4 | B5: 9 | C5: 7
A6: 5 | B6: 11 | C6: 9

Sheet documentation
A1: Classification rule: High-Value Merchant Day when merchant daily transaction total > INR 5000 and region is not East.
A2: VLOOKUP uses merchants!$A$2:$D$41 absolute range with IFNA.
A3: HLOOKUP fee table: UPI 0.2%, Wallet 1.0%, Card 1.8%, Netbanking 1.2%.
